BehaviorSpace results (NetLogo 6.1.1),,,,,,,,,,,,,,,,,,,,,,,,,,,,,,
Rebellion.nlogo,,,,Average rebellion,69,,,,,,,,,,,,,,,,,,,,,,,,,
experiment,,,,Max agents,221.7,,,,,,,,,,,,,,,,,,,,,,,,,
10/24/2020 17:51:56:619 +0200,,,,Avg agents active,31.0293413173653,,,,,,,,,,,,,,,,,,,,,,,,,
min-pxcor,max-pxcor,min-pycor,max-pycor,,,,,,,,,,,,,,,,,,,,,,,,,,,
0,39,0,39,,,,,,,,,,,,,,,,,,,,,,,,,,,
[run number],1,1,1,2,2,2,3,3,3,4,4,4,5,5,5,6,6,6,7,7,7,8,8,8,9,9,9,10,10,10
government-legitimacy,0.82,,,0.82,,,0.82,,,0.82,,,0.82,,,0.82,,,0.82,,,0.82,,,0.82,,,0.82,,
sm-response-rate,50,,,50,,,50,,,50,,,50,,,50,,,50,,,50,,,50,,,50,,
cop-response-rate,50,,,50,,,50,,,50,,,50,,,50,,,50,,,50,,,50,,,50,,
vision,7,,,7,,,7,,,7,,,7,,,7,,,7,,,7,,,7,,,7,,
dependence-on-grievance,false,,,false,,,false,,,false,,,false,,,false,,,false,,,false,,,false,,,false,,
initial-cop-density,4,,,4,,,4,,,4,,,4,,,4,,,4,,,4,,,4,,,4,,
agents-using-sm,50,,,50,,,50,,,50,,,50,,,50,,,50,,,50,,,50,,,50,,
dependence-on-size,true,,,true,,,true,,,true,,,true,,,true,,,true,,,true,,,true,,,true,,
cop-move,sm-protest,,,sm-protest,,,sm-protest,,,sm-protest,,,sm-protest,,,sm-protest,,,sm-protest,,,sm-protest,,,sm-protest,,,sm-protest,,
initial-agent-density,50,,,50,,,50,,,50,,,50,,,50,,,50,,,50,,,50,,,50,,
max-jail-term,15,,,15,,,15,,,15,,,15,,,15,,,15,,,15,,,15,,,15,,
visualization,2D,,,2D,,,2D,,,2D,,,2D,,,2D,,,2D,,,2D,,,2D,,,2D,,
agent-move,sm-protest,,,sm-protest,,,sm-protest,,,sm-protest,,,sm-protest,,,sm-protest,,,sm-protest,,,sm-protest,,,sm-protest,,,sm-protest,,
center-of-protest,dynamic,,,dynamic,,,dynamic,,,dynamic,,,dynamic,,,dynamic,,,dynamic,,,dynamic,,,dynamic,,,dynamic,,
[reporter],revolt,rebellion,count agents with [active?],revolt,rebellion,count agents with [active?],revolt,rebellion,count agents with [active?],revolt,rebellion,count agents with [active?],revolt,rebellion,count agents with [active?],revolt,rebellion,count agents with [active?],revolt,rebellion,count agents with [active?],revolt,rebellion,count agents with [active?],revolt,rebellion,count agents with [active?],revolt,rebellion,count agents with [active?]
[final],170,102,2,136,55,0,166,70,1,152,68,0,170,74,0,168,79,104,171,61,0,149,70,0,121,48,1,165,63,16
[min],0,0,0,0,0,0,0,0,0,0,0,0,0,0,0,0,0,0,0,0,0,0,0,0,0,0,0,0,0,0
[max],170,102,251,136,55,206,166,70,229,152,68,215,170,74,225,168,79,232,171,61,208,149,70,229,121,48,207,165,63,215
[mean],86.7185628742515,52.8922155688623,42.439121756487,76.2854291417166,32.4870259481038,25.0219560878243,80.622754491018,37.1716566866267,32.6147704590818,72.4151696606786,33.5449101796407,29.2295409181637,81.7125748502994,35.5688622754491,32.7924151696607,83.7345309381238,37.0179640718563,35.4750499001996,91.4211576846308,31.2355289421158,29.8343313373253,77.8163672654691,35.4471057884232,31.3672654690619,68.4231536926148,27.7964071856287,22.0439121756487,78.5349301397206,28.6646706586826,29.4750499001996
[steps],500,500,500,500,500,500,500,500,500,500,500,500,500,500,500,500,500,500,500,500,500,500,500,500,500,500,500,500,500,500
,,,,,,,,,,,,,,,,,,,,,,,,,,,,,,
[all run data],revolt,rebellion,count agents with [active?],revolt,rebellion,count agents with [active?],revolt,rebellion,count agents with [active?],revolt,rebellion,count agents with [active?],revolt,rebellion,count agents with [active?],revolt,rebellion,count agents with [active?],revolt,rebellion,count agents with [active?],revolt,rebellion,count agents with [active?],revolt,rebellion,count agents with [active?],revolt,rebellion,count agents with [active?]
,0,0,0,0,0,0,0,0,0,0,0,0,0,0,0,0,0,0,0,0,0,0,0,0,0,0,0,0,0,0
,1,0,23,0,0,1,1,0,21,0,0,2,0,0,2,0,0,2,1,0,16,0,0,1,0,0,2,0,0,4
,2,0,57,0,0,1,2,1,109,0,0,0,0,0,1,0,0,2,2,0,29,0,0,0,0,0,0,1,0,43
,3,1,120,0,0,0,3,2,214,0,0,0,0,0,0,0,0,0,2,0,5,0,0,7,0,0,1,2,0,87
,4,2,216,0,0,0,4,3,209,0,0,0,0,0,0,1,0,18,2,0,0,1,0,43,0,0,0,3,1,199
,5,3,184,0,0,0,5,4,171,0,0,0,0,0,0,2,0,50,2,0,2,2,1,117,1,0,23,4,2,199
,6,4,131,1,0,16,6,5,118,0,0,1,0,0,0,3,1,115,3,0,41,3,2,198,2,0,55,5,3,144
,7,4,88,2,0,66,7,5,60,0,0,0,0,0,0,4,2,232,4,0,70,4,3,200,3,1,116,6,3,97
,8,4,37,3,1,148,8,5,18,0,0,1,0,0,0,5,3,172,5,1,121,5,4,146,4,2,189,7,3,37
,8,4,12,4,2,186,8,5,13,0,0,0,0,0,9,6,4,118,6,2,148,6,4,90,5,3,166,8,3,17
,8,4,7,5,3,163,9,5,22,0,0,1,0,0,9,7,4,65,7,3,127,7,4,47,6,4,114,9,3,18
,8,4,7,6,4,118,9,5,15,0,0,0,1,0,23,8,4,16,8,3,76,7,4,12,7,4,53,10,3,16
,8,4,6,7,4,47,9,5,2,0,0,1,2,0,30,8,4,0,9,3,19,7,4,4,7,4,14,10,3,8
,8,4,4,7,4,4,9,5,1,0,0,0,3,0,88,8,4,9,9,3,3,7,4,0,7,4,1,10,3,4
,8,4,1,7,4,1,9,5,0,0,0,1,4,1,159,8,4,4,9,3,11,7,4,0,7,4,1,10,3,0
,8,4,0,7,4,1,9,5,0,0,0,0,5,2,154,8,4,1,9,3,8,7,4,2,7,4,1,10,3,1
,8,4,0,7,4,1,9,5,0,0,0,0,6,3,107,8,4,0,9,3,7,7,4,0,7,4,0,10,3,1
,8,4,0,7,4,1,9,5,0,0,0,7,7,3,79,8,4,0,9,3,0,7,4,0,7,4,0,10,3,0
,8,4,0,7,4,0,9,5,0,0,0,0,8,3,32,8,4,0,9,3,0,7,4,1,7,4,0,10,3,0
,8,4,1,7,4,0,9,5,0,0,0,0,9,3,16,8,4,1,9,3,0,7,4,12,7,4,0,10,3,0
,8,4,7,7,4,0,9,5,5,0,0,1,9,3,0,8,4,0,9,3,0,8,4,19,7,4,0,10,3,0
,8,4,2,7,4,1,9,5,13,0,0,0,9,3,0,8,4,0,9,3,0,9,4,28,7,4,1,10,3,0
,8,4,1,7,4,1,10,5,69,0,0,2,9,3,1,8,4,0,9,3,0,10,4,33,7,4,0,10,3,0
,8,4,0,7,4,0,11,6,169,0,0,2,9,3,0,9,4,17,9,3,0,11,4,48,7,4,0,10,3,0
,8,4,0,8,4,25,12,7,214,0,0,0,9,3,0,10,4,24,9,3,0,12,4,99,7,4,0,10,3,0
,8,4,14,9,5,123,13,8,175,0,0,1,9,3,0,10,4,5,9,3,1,13,5,140,7,4,0,10,3,0
,9,5,138,10,6,183,14,9,117,0,0,0,9,3,0,10,4,0,9,3,0,14,6,123,7,4,3,10,3,0
,10,6,233,11,7,195,15,9,69,0,0,0,9,3,0,10,4,0,9,3,6,15,6,86,7,4,0,10,3,1
,11,7,210,12,8,156,16,9,24,0,0,0,9,3,1,10,4,2,9,3,1,16,6,41,7,4,1,10,3,0
,12,8,162,13,8,99,16,9,2,0,0,0,9,3,0,10,4,1,10,3,17,16,6,9,7,4,10,10,3,1
,13,9,116,14,8,38,16,9,0,0,0,1,9,3,0,10,4,0,11,3,73,16,6,1,7,4,1,10,3,3
,14,9,52,14,8,8,16,9,0,0,0,0,9,3,1,10,4,0,12,4,126,16,6,1,7,4,0,10,3,0
,15,9,20,14,8,0,16,9,1,0,0,1,9,3,1,10,4,0,13,5,140,16,6,2,7,4,2,10,3,0
,15,9,6,14,8,1,16,9,6,0,0,0,9,3,0,10,4,0,14,6,156,16,6,2,7,4,0,11,3,16
,15,9,1,14,8,0,17,9,16,0,0,1,9,3,0,10,4,1,15,7,122,16,6,1,7,4,0,12,3,36
,15,9,0,14,8,0,18,9,35,0,0,0,9,3,2,10,4,1,16,7,70,16,6,13,7,4,0,13,3,52
,15,9,0,14,8,0,19,9,90,0,0,2,9,3,1,10,4,0,17,7,20,16,6,0,7,4,2,14,3,73
,15,9,0,14,8,0,20,10,106,0,0,0,9,3,0,10,4,0,17,7,0,16,6,0,7,4,3,15,4,109
,15,9,1,14,8,0,21,11,135,0,0,0,9,3,0,10,4,0,17,7,0,16,6,0,8,4,19,16,5,150
,15,9,0,14,8,0,22,12,112,0,0,15,9,3,0,10,4,1,17,7,0,16,6,0,9,4,91,17,6,116
,15,9,0,14,8,2,23,12,69,1,0,60,9,3,0,10,4,0,17,7,0,16,6,0,10,5,142,18,6,80
,15,9,0,15,8,63,24,12,42,2,1,115,9,3,0,10,4,0,17,7,1,16,6,0,11,6,169,19,6,34
,15,9,0,16,9,168,24,12,13,3,2,185,9,3,0,10,4,0,17,7,3,16,6,1,12,7,141,19,6,11
,15,9,1,17,10,196,24,12,1,4,3,170,9,3,1,10,4,0,17,7,1,16,6,0,13,7,85,19,6,3
,15,9,2,18,11,189,24,12,0,5,4,110,9,3,0,10,4,0,17,7,1,16,6,0,14,7,32,19,6,0
,15,9,0,19,12,160,24,12,1,6,4,58,9,3,1,10,4,0,17,7,0,16,6,1,14,7,7,19,6,0
,15,9,0,20,13,108,24,12,0,7,4,35,9,3,1,10,4,0,17,7,0,16,6,5,14,7,0,19,6,3
,15,9,0,21,13,43,24,12,1,8,4,22,9,3,0,10,4,2,17,7,1,16,6,3,14,7,0,19,6,2
,15,9,0,21,13,15,24,12,2,8,4,8,9,3,11,11,4,19,17,7,0,16,6,0,14,7,8,19,6,5
,15,9,4,21,13,0,24,12,0,8,4,0,9,3,15,12,4,21,17,7,0,16,6,1,15,7,16,20,6,25
,16,9,37,21,13,1,24,12,0,8,4,0,9,3,0,13,4,18,17,7,1,16,6,0,16,7,19,21,6,31
,17,10,134,21,13,0,24,12,0,8,4,12,9,3,0,13,4,1,17,7,0,16,6,1,17,7,27,21,6,13
,18,11,195,21,13,0,24,12,1,9,4,24,9,3,1,13,4,0,17,7,0,16,6,0,18,7,32,22,6,31
,19,12,213,21,13,0,24,12,0,9,4,4,9,3,0,13,4,0,17,7,1,16,6,0,18,7,6,23,6,62
,20,13,171,21,13,2,24,12,1,9,4,0,9,3,0,13,4,0,17,7,9,16,6,0,18,7,0,24,7,115
,21,14,113,21,13,1,24,12,1,9,4,1,9,3,1,13,4,0,18,7,26,16,6,1,18,7,0,25,8,109
,22,14,61,21,13,2,25,12,19,9,4,0,9,3,0,13,4,0,19,7,16,16,6,2,18,7,1,26,8,74
,22,14,10,21,13,0,26,12,61,9,4,0,9,3,1,13,4,5,20,7,19,16,6,13,18,7,0,27,8,49
,22,14,0,21,13,2,27,12,98,9,4,13,9,3,0,14,4,33,20,7,6,16,6,5,18,7,0,28,8,28
,22,14,0,21,13,0,28,13,190,10,4,68,9,3,0,15,5,158,20,7,1,16,6,8,18,7,0,28,8,8
,22,14,5,21,13,1,29,14,166,11,5,140,9,3,0,16,6,222,20,7,0,17,6,28,18,7,0,28,8,1
,22,14,9,21,13,6,30,15,122,12,6,185,9,3,0,17,7,187,20,7,0,18,6,58,18,7,0,28,8,0
,22,14,13,22,13,85,31,15,67,13,7,139,9,3,0,18,8,140,20,7,0,19,7,113,18,7,0,28,8,0
,22,14,10,23,14,153,31,15,13,14,7,81,9,3,0,19,8,78,20,7,0,20,8,156,18,7,1,28,8,1
,22,14,4,24,15,193,31,15,0,15,7,47,10,3,32,20,8,32,20,7,2,21,9,149,18,7,3,28,8,0
,22,14,1,25,16,162,31,15,0,16,7,25,11,3,86,20,8,2,20,7,1,22,10,110,18,7,1,28,8,0
,22,14,0,26,17,122,31,15,3,16,7,11,12,4,108,20,8,0,20,7,14,23,10,76,18,7,0,28,8,1
,22,14,0,27,17,60,31,15,0,16,7,1,13,5,196,20,8,0,21,7,65,24,10,25,18,7,1,28,8,0
,22,14,1,28,17,23,31,15,3,16,7,0,14,6,162,20,8,1,22,8,158,24,10,1,18,7,0,28,8,0
,22,14,2,28,17,2,31,15,0,16,7,0,15,7,117,20,8,2,23,9,179,24,10,0,18,7,2,28,8,0
,22,14,1,28,17,1,31,15,0,16,7,0,16,7,60,20,8,0,24,10,150,24,10,0,18,7,1,28,8,0
,22,14,0,28,17,2,32,15,18,16,7,0,17,7,18,20,8,0,25,10,96,24,10,4,18,7,2,28,8,0
,22,14,0,28,17,3,33,15,50,16,7,0,17,7,2,20,8,1,26,10,33,24,10,13,18,7,1,28,8,2
,22,14,0,28,17,9,34,15,99,16,7,0,17,7,1,20,8,0,26,10,0,25,10,23,18,7,0,28,8,0
,22,14,0,28,17,0,35,16,164,16,7,0,17,7,3,20,8,0,26,10,0,26,10,22,18,7,0,28,8,1
,22,14,0,28,17,0,36,17,172,16,7,1,17,7,0,20,8,0,26,10,0,26,10,3,18,7,1,28,8,0
,22,14,1,28,17,1,37,18,127,16,7,1,17,7,2,20,8,1,26,10,0,26,10,1,18,7,0,28,8,0
,22,14,0,28,17,0,38,18,87,16,7,2,17,7,10,21,8,21,26,10,0,26,10,0,18,7,0,28,8,0
,22,14,0,28,17,0,39,18,55,16,7,7,17,7,10,22,8,58,26,10,0,26,10,1,18,7,0,28,8,0
,22,14,0,28,17,0,40,18,40,16,7,0,18,7,19,23,8,93,26,10,3,26,10,1,18,7,1,28,8,0
,22,14,1,28,17,0,40,18,4,16,7,0,19,7,22,24,9,180,27,10,25,26,10,2,18,7,0,28,8,1
,22,14,1,28,17,1,40,18,0,16,7,0,20,7,80,25,10,188,27,10,14,26,10,0,18,7,1,28,8,0
,22,14,1,28,17,1,40,18,0,16,7,1,21,8,141,26,11,146,28,10,19,26,10,12,18,7,1,28,8,1
,22,14,1,28,17,0,40,18,1,16,7,1,22,9,173,27,11,98,28,10,7,27,10,91,18,7,0,28,8,0
,22,14,1,28,17,0,40,18,0,16,7,2,23,10,147,28,11,43,28,10,0,28,11,179,18,7,0,28,8,0
,22,14,3,28,17,0,40,18,1,16,7,2,24,10,93,28,11,8,28,10,0,29,12,216,18,7,0,28,8,0
,23,14,23,28,17,0,40,18,1,16,7,0,25,10,49,28,11,13,28,10,0,30,13,178,18,7,11,28,8,2
,24,14,75,28,17,0,40,18,2,16,7,0,26,10,20,28,11,7,28,10,4,31,14,131,19,7,24,28,8,0
,25,15,156,28,17,0,40,18,0,16,7,0,26,10,1,28,11,0,29,10,43,32,14,85,20,7,68,28,8,0
,26,16,224,28,17,2,40,18,1,16,7,1,26,10,1,28,11,5,30,11,140,33,14,29,21,8,135,28,8,0
,27,17,189,28,17,3,40,18,3,16,7,1,26,10,0,28,11,4,31,12,192,33,14,1,22,9,171,28,8,0
,28,18,142,28,17,10,40,18,0,16,7,0,26,10,1,28,11,0,32,13,177,33,14,3,23,10,128,28,8,0
,29,18,92,28,17,15,40,18,0,16,7,3,26,10,2,28,11,0,33,14,131,33,14,10,24,10,80,28,8,0
,30,18,41,29,17,26,40,18,1,16,7,1,26,10,0,28,11,2,34,14,67,33,14,4,25,10,24,28,8,0
,30,18,15,30,17,37,40,18,1,16,7,0,26,10,0,29,11,20,35,14,31,33,14,2,25,10,6,28,8,0
,30,18,5,31,17,57,40,18,1,16,7,0,26,10,0,30,11,31,35,14,7,33,14,0,25,10,0,28,8,0
,30,18,0,32,18,127,41,18,42,17,7,16,26,10,1,31,11,19,35,14,2,33,14,1,25,10,3,29,8,21
,30,18,0,33,19,140,42,19,113,18,7,44,26,10,0,31,11,3,35,14,0,33,14,0,25,10,0,30,8,56
,30,18,0,34,20,106,43,20,229,19,8,120,26,10,0,31,11,7,35,14,0,33,14,1,25,10,0,31,9,107
,30,18,0,35,20,60,44,21,193,20,9,191,26,10,10,31,11,0,35,14,0,33,14,0,25,10,2,32,10,168
,30,18,0,35,20,13,45,22,142,21,10,166,26,10,15,31,11,1,35,14,0,33,14,0,25,10,0,33,11,123
,30,18,0,35,20,1,46,22,96,22,11,107,26,10,1,31,11,0,35,14,0,33,14,0,25,10,0,34,11,68
,30,18,1,35,20,0,47,22,51,23,11,55,26,10,1,31,11,1,35,14,1,33,14,0,25,10,1,35,11,40
,30,18,0,35,20,1,48,22,17,24,11,27,26,10,0,31,11,0,35,14,0,33,14,0,25,10,0,35,11,9
,30,18,1,35,20,0,48,22,13,25,11,34,26,10,0,31,11,0,35,14,3,33,14,0,25,10,0,35,11,0
,30,18,1,35,20,0,48,22,1,25,11,9,26,10,0,31,11,7,35,14,15,33,14,0,25,10,1,35,11,0
,30,18,2,35,20,0,48,22,0,25,11,1,26,10,1,32,11,44,36,14,53,33,14,1,25,10,0,35,11,0
,30,18,0,35,20,1,48,22,1,25,11,1,26,10,2,33,11,82,37,15,164,33,14,0,25,10,5,35,11,0
,30,18,2,35,20,1,48,22,0,25,11,0,27,10,36,34,12,167,38,16,203,33,14,0,26,10,28,35,11,2
,31,18,32,35,20,1,48,22,1,25,11,0,28,11,109,35,13,176,39,17,182,33,14,0,27,10,47,35,11,2
,32,19,143,36,20,30,48,22,1,25,11,1,29,12,140,36,14,133,40,18,138,33,14,0,28,10,50,35,11,0
,33,20,188,37,20,48,48,22,1,25,11,0,30,13,174,37,14,86,41,18,73,33,14,0,29,11,109,35,11,0
,34,21,209,38,20,37,48,22,1,25,11,0,31,14,152,38,14,66,42,18,36,33,14,1,30,12,130,35,11,0
,35,22,181,39,20,63,48,22,1,25,11,0,32,14,91,39,14,26,43,18,22,33,14,0,31,13,105,35,11,1
,36,23,125,40,21,138,48,22,0,25,11,1,33,14,35,39,14,11,43,18,8,33,14,13,32,13,56,35,11,0
,37,23,73,41,22,118,48,22,3,25,11,0,33,14,1,39,14,4,43,18,0,34,14,49,33,13,31,35,11,0
,38,23,29,42,22,97,48,22,0,25,11,1,33,14,0,39,14,0,43,18,0,35,15,160,33,13,13,35,11,0
,38,23,11,43,22,62,48,22,0,25,11,0,33,14,0,39,14,0,43,18,1,36,16,213,33,13,3,35,11,0
,38,23,0,44,22,41,48,22,0,25,11,1,33,14,0,39,14,1,43,18,0,37,17,179,33,13,0,35,11,2
,38,23,0,45,22,27,48,22,1,25,11,0,33,14,0,39,14,0,43,18,2,38,18,128,33,13,0,35,11,14
,38,23,0,45,22,5,48,22,1,25,11,0,33,14,13,39,14,0,43,18,11,39,18,70,33,13,0,36,11,26
,38,23,0,45,22,3,48,22,0,25,11,0,34,14,50,39,14,1,44,18,32,40,18,16,33,13,0,37,11,41
,38,23,0,45,22,1,48,22,0,25,11,0,35,14,50,39,14,1,45,18,30,40,18,0,33,13,1,38,12,104
,38,23,0,45,22,0,48,22,1,25,11,1,36,14,50,39,14,0,46,18,45,40,18,0,33,13,2,39,13,160
,38,23,0,45,22,1,48,22,0,25,11,0,37,14,58,39,14,0,47,18,28,40,18,0,33,13,1,40,14,146
,38,23,1,45,22,1,48,22,0,25,11,0,38,14,50,39,14,7,48,18,36,40,18,1,33,13,0,41,14,100
,38,23,0,45,22,0,48,22,1,25,11,0,39,14,32,39,14,1,49,18,87,40,18,1,33,13,0,42,14,61
,38,23,0,45,22,1,48,22,1,25,11,0,39,14,6,40,14,18,50,18,99,40,18,0,33,13,1,43,14,24
,38,23,3,45,22,5,48,22,0,25,11,2,39,14,5,41,15,104,51,18,99,40,18,8,33,13,1,43,14,1
,38,23,1,45,22,0,48,22,1,25,11,0,39,14,1,42,16,207,52,18,54,40,18,1,33,13,0,43,14,1
,38,23,1,45,22,1,48,22,1,25,11,1,39,14,0,43,17,216,53,18,31,40,18,0,33,13,0,43,14,4
,38,23,1,45,22,1,48,22,0,25,11,0,39,14,0,44,18,173,54,18,19,40,18,0,33,13,0,43,14,3
,38,23,0,45,22,0,48,22,1,25,11,0,39,14,0,45,19,137,54,18,12,40,18,2,33,13,0,43,14,1
,38,23,1,45,22,0,48,22,2,25,11,1,39,14,0,46,19,73,54,18,0,40,18,15,33,13,0,43,14,0
,38,23,0,45,22,0,48,22,0,25,11,10,39,14,0,47,19,40,54,18,0,41,18,30,33,13,0,43,14,5
,38,23,7,45,22,0,48,22,2,26,11,39,39,14,0,47,19,11,54,18,3,42,18,35,33,13,2,43,14,1
,39,23,34,45,22,2,48,22,0,27,12,134,39,14,0,47,19,3,54,18,7,42,18,10,33,13,0,43,14,0
,40,23,73,45,22,0,48,22,1,28,13,212,39,14,0,47,19,0,54,18,9,42,18,0,33,13,3,43,14,0
,41,24,129,45,22,2,48,22,0,29,14,189,39,14,0,47,19,0,55,18,20,42,18,0,34,13,39,43,14,8
,42,25,154,45,22,15,48,22,0,30,15,151,39,14,2,47,19,0,55,18,3,42,18,0,35,14,136,43,14,0
,43,26,146,45,22,9,48,22,0,31,16,109,39,14,0,47,19,9,55,18,1,42,18,1,36,15,207,43,14,0
,44,27,117,45,22,0,48,22,1,32,16,44,39,14,1,47,19,0,55,18,14,42,18,0,37,16,173,43,14,0
,45,27,78,45,22,1,49,22,18,33,16,21,39,14,15,47,19,0,56,18,33,42,18,0,38,17,122,43,14,1
,46,27,37,46,22,16,50,22,60,33,16,1,40,15,103,47,19,0,57,18,42,42,18,0,39,17,58,43,14,2
,47,27,17,47,22,57,51,23,110,33,16,0,41,16,194,47,19,1,58,18,51,42,18,0,39,17,6,43,14,0
,47,27,4,48,23,134,52,24,209,33,16,2,42,17,218,47,19,0,59,18,66,42,18,0,39,17,0,43,14,0
,47,27,0,49,24,148,53,25,194,33,16,0,43,18,173,47,19,0,60,18,90,42,18,0,39,17,0,43,14,0
,47,27,3,50,25,133,54,26,150,33,16,6,44,19,116,48,19,40,61,18,85,42,18,0,39,17,1,43,14,13
,47,27,0,51,25,81,55,26,91,33,16,0,45,19,57,49,20,151,62,18,52,42,18,1,39,17,1,44,14,37
,47,27,0,52,25,37,56,26,59,33,16,0,46,19,22,50,21,226,63,18,20,42,18,0,39,17,1,45,14,41
,47,27,1,53,25,20,57,26,23,33,16,0,46,19,3,51,22,204,63,18,1,42,18,2,39,17,5,46,14,63
,47,27,0,53,25,12,57,26,3,33,16,0,46,19,0,52,23,160,63,18,0,42,18,1,39,17,13,47,15,139
,47,27,0,53,25,11,57,26,1,33,16,12,46,19,0,53,24,112,63,18,0,42,18,2,39,17,9,48,16,134
,47,27,2,53,25,6,57,26,1,34,16,40,46,19,0,54,24,47,63,18,0,43,18,62,39,17,0,49,16,90
,47,27,0,53,25,6,57,26,0,35,17,101,46,19,10,55,24,24,63,18,0,44,18,88,39,17,0,50,16,60
,47,27,0,54,25,22,57,26,0,36,18,176,47,19,21,55,24,4,63,18,0,45,19,161,39,17,1,51,16,26
,47,27,0,55,25,21,57,26,0,37,19,169,48,19,54,55,24,10,63,18,1,46,20,205,39,17,0,51,16,5
,47,27,1,55,25,6,57,26,1,38,20,130,49,20,118,55,24,5,63,18,10,47,21,159,39,17,1,51,16,2
,47,27,0,55,25,2,57,26,0,39,20,70,50,21,124,55,24,0,64,18,37,48,22,115,39,17,0,51,16,8
,48,27,35,55,25,0,57,26,1,40,20,35,51,22,123,55,24,3,65,19,102,49,22,74,39,17,0,51,16,15
,49,28,159,55,25,0,57,26,0,40,20,10,52,23,112,55,24,2,66,20,162,50,22,35,39,17,1,51,16,4
,50,29,251,55,25,1,57,26,0,40,20,0,53,23,45,55,24,0,67,21,178,51,22,23,39,17,0,51,16,0
,51,30,210,55,25,0,57,26,0,40,20,1,54,23,16,55,24,0,68,22,137,52,22,17,39,17,0,51,16,0
,52,31,162,56,25,27,57,26,10,40,20,1,54,23,2,55,24,0,69,22,85,52,22,15,39,17,0,51,16,0
,53,32,111,57,25,70,58,26,34,40,20,1,54,23,1,55,24,0,70,22,30,53,22,22,39,17,0,51,16,1
,54,32,64,58,26,103,59,26,72,40,20,2,54,23,3,55,24,0,70,22,3,53,22,0,39,17,3,51,16,0
,54,32,5,59,27,159,60,27,192,41,20,21,54,23,0,55,24,0,70,22,0,53,22,0,39,17,3,51,16,0
,54,32,2,60,28,138,61,28,206,42,20,30,54,23,1,55,24,0,70,22,0,53,22,0,39,17,0,51,16,0
,54,32,0,61,28,86,62,29,164,42,20,8,54,23,0,55,24,1,70,22,1,53,22,0,39,17,2,51,16,1
,54,32,0,62,28,41,63,30,110,42,20,14,54,23,0,55,24,1,70,22,1,53,22,0,39,17,0,51,16,0
,54,32,0,62,28,5,64,30,60,42,20,11,54,23,1,55,24,0,70,22,0,53,22,9,39,17,0,51,16,2
,54,32,2,62,28,0,65,30,29,43,20,74,54,23,15,55,24,0,70,22,0,54,22,28,39,17,1,51,16,0
,54,32,0,62,28,0,65,30,5,44,21,138,55,23,33,55,24,2,70,22,0,55,22,74,39,17,1,51,16,0
,54,32,0,62,28,1,65,30,0,45,22,156,56,23,65,55,24,0,70,22,0,56,23,176,39,17,12,51,16,0
,54,32,0,62,28,0,65,30,0,46,23,134,57,24,148,55,24,1,70,22,0,57,24,200,40,17,57,51,16,0
,54,32,0,62,28,2,65,30,0,47,23,80,58,25,182,55,24,0,70,22,1,58,25,173,41,18,137,51,16,1
,54,32,0,62,28,15,65,30,2,48,23,39,59,26,156,55,24,0,70,22,0,59,26,130,42,19,191,51,16,0
,54,32,0,63,28,41,65,30,0,49,23,20,60,27,121,55,24,1,70,22,0,60,26,73,43,20,161,51,16,1
,54,32,14,64,28,86,65,30,2,49,23,10,61,27,71,55,24,4,70,22,4,61,26,52,44,21,107,51,16,0
,55,33,157,65,29,147,65,30,0,49,23,3,62,27,27,56,24,36,70,22,2,62,26,28,45,21,48,51,16,1
,56,34,238,66,30,127,65,30,0,49,23,0,62,27,12,57,25,125,70,22,0,62,26,10,45,21,10,52,16,26
,57,35,229,67,30,91,65,30,1,49,23,0,62,27,0,58,26,227,70,22,1,62,26,4,45,21,2,53,16,80
,58,36,180,68,30,48,65,30,0,49,23,1,62,27,1,59,27,204,70,22,1,62,26,1,45,21,0,54,17,178
,59,37,132,69,30,22,65,30,1,49,23,1,62,27,0,60,28,152,70,22,0,62,26,0,45,21,0,55,18,176
,60,37,92,69,30,11,65,30,0,49,23,1,62,27,0,61,28,98,70,22,1,62,26,0,45,21,0,56,19,146
,61,37,26,69,30,4,65,30,0,49,23,0,62,27,5,62,28,41,70,22,6,62,26,1,45,21,0,57,19,94
,61,37,5,69,30,0,65,30,0,49,23,1,62,27,0,63,28,21,71,22,34,62,26,0,45,21,1,58,19,40
,61,37,1,69,30,0,65,30,1,50,23,25,62,27,1,63,28,3,72,22,59,62,26,1,46,21,37,58,19,6
,61,37,1,69,30,1,65,30,0,51,23,33,62,27,0,63,28,1,73,23,105,62,26,8,47,21,75,58,19,4
,61,37,0,69,30,1,65,30,0,52,23,66,62,27,4,63,28,1,74,24,159,62,26,4,48,21,72,58,19,11
,61,37,1,69,30,0,65,30,15,53,24,159,62,27,1,63,28,1,75,25,125,62,26,0,49,21,86,58,19,10
,61,37,0,69,30,0,66,30,32,54,25,171,62,27,0,63,28,6,76,25,80,62,26,2,50,22,102,58,19,10
,61,37,0,69,30,1,67,30,55,55,26,148,62,27,0,64,28,18,77,25,28,63,26,21,51,22,86,58,19,4
,61,37,0,69,30,1,68,31,128,56,27,104,62,27,14,65,28,21,77,25,9,64,26,71,52,22,37,58,19,3
,61,37,1,69,30,1,69,32,178,57,27,44,63,27,49,66,28,33,77,25,0,65,27,129,52,22,13,58,19,0
,61,37,1,69,30,0,70,33,147,58,27,17,64,27,81,67,28,34,77,25,0,66,28,195,52,22,3,58,19,0
,62,37,67,69,30,0,71,34,103,58,27,5,65,28,141,68,28,84,77,25,0,67,29,160,52,22,0,58,19,1
,63,38,176,69,30,0,72,34,51,58,27,0,66,29,168,69,29,146,77,25,0,68,30,102,52,22,0,58,19,0
,64,39,224,69,30,0,73,34,19,58,27,0,67,30,125,70,30,133,77,25,1,69,30,67,52,22,1,58,19,0
,65,40,205,69,30,0,73,34,15,58,27,2,68,30,86,71,31,102,77,25,0,70,30,33,52,22,0,58,19,1
,66,41,160,69,30,0,73,34,1,59,27,16,69,30,47,72,31,66,77,25,0,70,30,4,52,22,0,58,19,1
,67,42,120,69,30,0,73,34,0,59,27,9,70,30,20,73,31,27,77,25,1,70,30,1,52,22,0,58,19,0
,68,42,56,69,30,0,73,34,0,59,27,0,70,30,8,73,31,8,77,25,3,70,30,0,52,22,0,58,19,1
,69,42,23,69,30,0,73,34,2,59,27,0,70,30,2,73,31,0,77,25,0,70,30,0,52,22,0,58,19,0
,69,42,8,69,30,0,73,34,0,59,27,0,70,30,3,73,31,0,77,25,0,70,30,1,52,22,1,58,19,0
,69,42,0,69,30,0,73,34,1,59,27,0,70,30,1,73,31,0,77,25,0,70,30,0,52,22,0,58,19,0
,69,42,0,69,30,1,73,34,0,59,27,1,70,30,0,73,31,1,77,25,0,70,30,0,52,22,0,58,19,0
,69,42,4,69,30,0,73,34,0,59,27,0,70,30,0,73,31,0,77,25,5,70,30,0,52,22,0,58,19,0
,69,42,6,69,30,0,73,34,2,59,27,0,70,30,0,73,31,1,78,25,34,70,30,1,52,22,2,58,19,0
,69,42,0,69,30,0,73,34,10,59,27,0,70,30,2,73,31,1,79,25,47,70,30,0,52,22,4,58,19,0
,69,42,1,69,30,0,73,34,15,60,27,29,70,30,9,73,31,0,80,26,101,70,30,1,52,22,13,58,19,0
,70,42,85,69,30,1,73,34,9,61,27,92,71,30,22,73,31,0,81,27,157,70,30,0,53,22,23,58,19,14
,71,43,173,69,30,0,73,34,0,62,28,150,71,30,1,73,31,0,82,28,136,70,30,0,53,22,14,59,19,66
,72,44,201,69,30,1,73,34,1,63,29,207,71,30,1,73,31,0,83,28,81,70,30,0,53,22,0,60,20,128
,73,45,179,69,30,0,73,34,0,64,30,167,71,30,13,73,31,0,84,28,40,70,30,1,53,22,2,61,21,194
,74,46,151,69,30,0,73,34,0,65,30,97,72,30,65,73,31,1,85,28,17,70,30,0,53,22,9,62,22,176
,75,47,120,69,30,1,73,34,0,66,30,46,73,31,124,73,31,1,85,28,7,70,30,0,54,22,29,63,23,140
,76,47,76,69,30,0,73,34,0,67,30,25,74,32,150,73,31,1,85,28,1,70,30,0,55,22,34,64,23,94
,76,47,13,69,30,0,73,34,0,67,30,5,75,33,144,73,31,0,85,28,0,70,30,1,56,22,56,65,23,35
,76,47,6,69,30,3,73,34,2,67,30,4,76,33,89,73,31,0,85,28,0,70,30,0,57,22,82,65,23,10
,76,47,9,69,30,0,73,34,1,67,30,0,77,33,46,74,31,20,85,28,0,70,30,1,58,23,108,65,23,0
,76,47,3,69,30,0,73,34,0,67,30,1,78,33,34,75,31,78,85,28,0,70,30,2,59,24,111,65,23,0
,76,47,0,69,30,0,73,34,0,67,30,0,78,33,15,76,32,182,85,28,0,71,30,62,60,24,63,65,23,0
,76,47,0,69,30,0,73,34,0,67,30,5,78,33,2,77,33,221,85,28,1,72,31,161,61,24,24,65,23,0
,76,47,1,69,30,0,73,34,0,67,30,5,78,33,0,78,34,190,85,28,0,73,32,229,61,24,11,65,23,0
,76,47,0,69,30,0,73,34,0,67,30,0,78,33,0,79,35,140,85,28,1,74,33,186,61,24,3,65,23,0
,76,47,0,69,30,2,74,34,20,67,30,0,78,33,1,80,35,80,86,28,23,75,34,136,61,24,0,65,23,1
,76,47,0,69,30,0,75,34,96,67,30,0,78,33,0,81,35,22,87,28,76,76,34,88,61,24,0,65,23,0
,76,47,0,69,30,1,76,35,185,67,30,1,78,33,1,81,35,4,88,29,120,77,34,32,61,24,0,65,23,0
,76,47,0,69,30,10,77,36,224,67,30,1,78,33,2,81,35,4,89,30,190,77,34,11,61,24,2,65,23,0
,77,47,72,70,30,33,78,37,176,67,30,0,78,33,1,81,35,0,90,31,168,77,34,3,62,24,16,65,23,1
,78,48,184,71,30,58,79,38,133,67,30,1,78,33,0,81,35,0,91,32,118,77,34,0,63,24,44,65,23,0
,79,49,241,72,31,130,80,38,82,67,30,12,78,33,0,81,35,0,92,32,51,77,34,0,64,25,116,65,23,0
,80,50,209,73,32,149,81,38,29,68,30,39,78,33,0,81,35,0,92,32,4,77,34,0,65,26,121,65,23,0
,81,51,165,74,33,141,81,38,7,69,31,125,78,33,0,81,35,0,92,32,0,77,34,0,66,27,120,65,23,1
,82,52,121,75,33,85,81,38,10,70,32,157,78,33,0,81,35,0,92,32,0,77,34,0,67,27,93,65,23,0
,83,52,73,76,33,32,81,38,11,71,33,173,78,33,1,81,35,3,92,32,0,77,34,0,68,27,41,65,23,7
,84,52,36,76,33,14,81,38,5,72,34,133,78,33,0,81,35,3,92,32,0,77,34,0,69,27,22,66,24,103
,84,52,13,77,33,19,81,38,0,73,34,79,78,33,7,81,35,6,92,32,0,77,34,0,69,27,9,67,25,194
,84,52,3,78,33,31,81,38,1,74,34,30,79,33,24,81,35,7,92,32,0,77,34,0,69,27,1,68,26,215
,84,52,4,78,33,2,81,38,5,74,34,8,80,34,101,81,35,1,92,32,1,78,34,21,69,27,4,69,27,170
,84,52,3,78,33,0,81,38,0,74,34,8,81,35,163,81,35,0,92,32,3,79,34,64,69,27,4,70,28,111
,84,52,1,78,33,0,81,38,0,74,34,1,82,36,191,81,35,4,92,32,1,80,35,185,69,27,0,71,28,56
,84,52,0,78,33,0,81,38,1,74,34,3,83,37,167,82,35,60,92,32,1,81,36,214,69,27,0,72,28,20
,84,52,0,78,33,1,81,38,1,74,34,2,84,38,128,83,36,176,92,32,1,82,37,169,69,27,0,72,28,1
,84,52,1,78,33,0,81,38,2,74,34,1,85,38,74,84,37,222,92,32,0,83,38,105,69,27,5,72,28,0
,84,52,1,78,33,0,81,38,1,74,34,4,86,38,21,85,38,181,92,32,1,84,38,54,70,27,33,72,28,0
,84,52,1,78,33,0,82,38,24,74,34,1,86,38,3,86,39,134,92,32,1,85,38,26,71,28,104,72,28,0
,85,52,38,78,33,0,83,38,63,74,34,0,86,38,2,87,39,65,92,32,0,85,38,4,72,29,149,72,28,0
,86,53,155,78,33,0,84,39,187,74,34,1,86,38,0,88,39,37,92,32,1,85,38,5,73,30,159,72,28,1
,87,54,213,78,33,0,85,40,226,74,34,1,86,38,0,89,39,20,92,32,0,85,38,4,74,31,141,72,28,4
,88,55,206,78,33,0,86,41,188,74,34,0,86,38,0,89,39,2,92,32,0,85,38,2,75,31,97,72,28,0
,89,56,174,78,33,0,87,42,142,74,34,1,86,38,0,89,39,0,92,32,0,85,38,0,76,31,32,72,28,4
,90,57,127,78,33,1,88,43,104,74,34,0,86,38,0,89,39,0,92,32,2,85,38,1,76,31,7,72,28,5
,91,57,77,78,33,0,89,43,37,74,34,0,86,38,1,89,39,1,92,32,0,85,38,10,76,31,4,72,28,4
,92,57,19,78,33,0,89,43,8,74,34,2,86,38,0,89,39,0,92,32,0,85,38,15,76,31,1,72,28,0
,92,57,2,79,33,20,89,43,0,75,34,35,86,38,0,89,39,0,92,32,1,85,38,10,76,31,0,72,28,0
,92,57,1,80,33,75,89,43,7,76,34,87,86,38,0,89,39,1,92,32,0,85,38,2,76,31,0,72,28,0
,92,57,0,81,34,167,89,43,1,77,35,183,86,38,1,89,39,4,92,32,7,85,38,15,76,31,0,72,28,4
,92,57,1,82,35,205,89,43,0,78,36,192,87,38,68,89,39,0,92,32,12,86,38,34,76,31,0,72,28,10
,92,57,0,83,36,145,89,43,1,79,37,139,88,39,141,89,39,1,93,32,51,87,38,74,76,31,0,73,28,16
,92,57,1,84,36,90,89,43,0,80,37,87,89,40,192,89,39,0,94,32,70,88,39,136,76,31,9,74,28,72
,92,57,0,85,36,47,89,43,0,81,37,42,90,41,203,89,39,2,95,33,157,89,40,169,76,31,7,75,29,105
,92,57,1,86,36,21,89,43,0,82,37,19,91,42,161,89,39,1,96,34,159,90,41,129,76,31,1,76,30,171
,92,57,13,86,36,9,89,43,0,83,37,18,92,42,94,89,39,1,97,35,121,91,41,79,76,31,5,77,31,136
,93,57,60,86,36,0,89,43,0,83,37,7,93,42,41,89,39,0,98,35,71,92,41,34,76,31,0,78,31,85
,94,58,180,86,36,0,89,43,0,83,37,0,93,42,13,90,39,18,99,35,31,92,41,7,76,31,1,79,31,35
,95,59,183,86,36,3,89,43,0,83,37,0,93,42,5,91,39,53,100,35,16,92,41,0,76,31,0,79,31,12
,96,60,160,86,36,1,89,43,1,83,37,0,93,42,1,92,39,79,100,35,4,92,41,0,76,31,0,79,31,0
,97,61,137,86,36,1,89,43,2,83,37,3,93,42,0,93,40,182,100,35,1,92,41,0,76,31,1,79,31,0
,98,62,101,86,36,0,89,43,0,83,37,12,93,42,0,94,41,183,100,35,4,92,41,1,76,31,0,79,31,0
,99,62,44,86,36,0,89,43,8,83,37,2,93,42,0,95,42,123,100,35,2,92,41,0,76,31,0,79,31,1
,100,62,29,86,36,0,90,43,18,83,37,0,93,42,0,96,42,75,100,35,1,92,41,1,76,31,0,79,31,0
,101,62,23,86,36,0,91,43,19,83,37,0,93,42,0,97,42,38,100,35,1,92,41,1,76,31,0,79,31,0
,101,62,4,86,36,1,91,43,7,84,37,46,93,42,0,97,42,9,100,35,0,92,41,0,76,31,0,79,31,5
,101,62,0,86,36,0,91,43,0,85,38,142,93,42,0,97,42,13,100,35,0,92,41,0,76,31,0,80,31,18
,101,62,0,86,36,0,91,43,0,86,39,203,93,42,2,97,42,2,100,35,0,92,41,2,76,31,5,80,31,2
,101,62,0,86,36,4,91,43,0,87,40,180,93,42,1,97,42,1,100,35,0,92,41,1,77,31,21,80,31,0
,101,62,1,86,36,0,91,43,0,88,41,133,93,42,0,97,42,0,100,35,0,92,41,0,78,31,88,80,31,0
,101,62,0,86,36,1,91,43,0,89,41,80,93,42,0,97,42,0,100,35,0,92,41,0,79,32,143,80,31,0
,101,62,2,86,36,1,91,43,0,90,41,46,93,42,1,97,42,0,100,35,5,92,41,0,80,33,175,80,31,5
,102,62,29,86,36,0,91,43,0,91,41,23,93,42,0,97,42,0,101,35,23,92,41,0,81,34,143,81,31,27
,103,63,123,86,36,0,91,43,0,91,41,9,93,42,2,97,42,0,102,35,25,92,41,9,82,34,86,82,31,16
,104,64,172,86,36,0,91,43,1,91,41,4,93,42,0,97,42,4,103,35,27,93,41,64,83,34,23,83,31,23
,105,65,190,86,36,0,91,43,0,91,41,3,93,42,0,97,42,10,104,35,51,94,42,198,83,34,7,84,31,35
,106,66,162,86,36,0,91,43,1,91,41,5,93,42,0,98,42,41,105,35,82,95,43,222,83,34,1,85,31,33
,107,67,126,86,36,0,91,43,1,91,41,0,93,42,0,99,43,163,106,36,118,96,44,171,83,34,1,86,31,72
,108,67,64,86,36,2,91,43,1,91,41,4,93,42,1,100,44,203,107,36,89,97,45,123,83,34,0,87,32,129
,109,67,31,87,36,54,91,43,1,91,41,14,93,42,1,101,45,200,108,36,74,98,45,69,83,34,0,88,32,95
,109,67,8,88,37,122,91,43,0,91,41,7,93,42,0,102,46,160,109,36,43,99,45,21,83,34,0,89,32,42
,109,67,5,89,38,175,91,43,0,91,41,0,93,42,3,103,46,84,110,36,24,99,45,1,83,34,1,90,32,20
,109,67,2,90,39,160,91,43,0,91,41,0,94,42,17,104,46,33,110,36,8,99,45,1,83,34,1,91,32,25
,109,67,0,91,40,105,91,43,8,91,41,1,95,42,40,104,46,5,110,36,1,99,45,2,83,34,0,92,32,19
,109,67,0,92,40,61,91,43,14,91,41,0,96,42,96,104,46,0,110,36,0,99,45,7,83,34,0,93,32,20
,109,67,1,93,40,21,91,43,0,91,41,2,97,43,165,104,46,1,110,36,0,99,45,2,83,34,1,93,32,11
,109,67,1,93,40,8,91,43,1,91,41,1,98,44,169,104,46,6,110,36,1,99,45,3,83,34,0,93,32,0
,109,67,1,93,40,0,91,43,0,91,41,0,99,45,132,104,46,1,110,36,1,99,45,0,83,34,0,93,32,0
,109,67,3,93,40,0,91,43,10,91,41,0,100,45,91,104,46,0,110,36,0,99,45,0,83,34,8,93,32,0
,109,67,0,93,40,0,91,43,1,91,41,0,101,45,53,104,46,0,110,36,2,99,45,1,84,34,20,93,32,0
,109,67,1,93,40,0,91,43,1,91,41,1,102,45,17,104,46,1,110,36,0,99,45,0,85,34,49,93,32,0
,109,67,0,93,40,0,91,43,3,91,41,1,102,45,8,104,46,0,110,36,0,99,45,0,86,35,163,93,32,6
,109,67,1,93,40,0,91,43,0,91,41,0,102,45,0,104,46,0,110,36,1,99,45,0,87,36,190,93,32,3
,109,67,2,93,40,1,91,43,0,91,41,0,102,45,0,104,46,0,111,36,27,99,45,0,88,37,155,93,32,1
,109,67,1,93,40,0,91,43,0,91,41,11,102,45,4,104,46,0,112,36,95,99,45,0,89,38,106,93,32,0
,109,67,1,93,40,0,91,43,0,92,42,102,102,45,0,104,46,0,113,37,151,99,45,0,90,38,37,93,32,1
,109,67,2,93,40,1,91,43,0,93,43,193,102,45,1,104,46,2,114,38,195,99,45,0,90,38,15,93,32,0
,110,67,55,94,40,17,91,43,1,94,44,215,102,45,0,105,46,25,115,39,152,99,45,0,90,38,3,93,32,0
,111,68,149,95,40,28,91,43,0,95,45,178,102,45,0,106,46,54,116,39,95,99,45,0,90,38,0,93,32,0
,112,69,237,96,40,36,91,43,0,96,46,123,102,45,0,107,47,156,117,39,47,99,45,0,90,38,0,93,32,0
,113,70,206,97,40,19,91,43,0,97,46,73,102,45,0,108,48,224,117,39,7,99,45,1,90,38,0,93,32,0
,114,71,159,98,40,83,91,43,0,98,46,28,102,45,0,109,49,188,117,39,1,99,45,0,90,38,0,93,32,3
,115,72,112,99,41,138,91,43,0,98,46,0,102,45,6,110,50,133,117,39,2,99,45,0,90,38,0,93,32,6
,116,72,55,100,42,137,91,43,1,98,46,0,102,45,3,111,50,73,117,39,5,99,45,0,90,38,0,94,32,22
,116,72,10,101,42,96,91,43,2,98,46,1,102,45,0,112,50,35,117,39,1,99,45,6,90,38,0,95,32,68
,116,72,0,102,42,39,91,43,0,98,46,0,102,45,0,112,50,1,117,39,0,99,45,14,90,38,12,96,33,134
,116,72,0,103,42,30,91,43,0,98,46,0,102,45,0,112,50,5,117,39,0,99,45,9,90,38,3,97,34,191
,116,72,2,104,42,21,91,43,0,98,46,1,102,45,2,112,50,6,117,39,1,100,45,23,90,38,4,98,35,162
,116,72,0,104,42,12,91,43,1,98,46,0,103,45,75,112,50,9,117,39,1,101,45,23,90,38,0,99,36,103
,116,72,1,104,42,0,91,43,1,98,46,0,104,46,167,112,50,0,117,39,2,101,45,0,90,38,1,100,36,61
,116,72,1,104,42,1,91,43,0,98,46,0,105,47,225,112,50,0,117,39,3,101,45,1,91,38,29,100,36,6
,116,72,2,104,42,0,91,43,2,98,46,0,106,48,182,112,50,1,117,39,7,101,45,0,92,38,37,100,36,0
,116,72,0,104,42,2,91,43,1,98,46,4,107,49,133,112,50,6,118,39,22,101,45,0,93,38,94,100,36,0
,116,72,0,104,42,3,91,43,0,98,46,1,108,49,75,112,50,10,118,39,8,101,45,0,94,39,142,100,36,0
,116,72,0,104,42,0,91,43,1,98,46,0,109,49,31,113,50,17,118,39,1,101,45,0,95,40,138,100,36,0
,116,72,1,104,42,5,91,43,0,98,46,1,109,49,1,113,50,14,118,39,0,101,45,0,96,40,93,100,36,2
,116,72,2,104,42,11,91,43,0,98,46,1,109,49,7,113,50,7,118,39,0,101,45,2,97,40,63,100,36,9
,116,72,1,104,42,12,91,43,1,98,46,14,109,49,10,113,50,5,118,39,2,101,45,0,98,40,23,100,36,3
,116,72,7,104,42,2,91,43,0,98,46,1,109,49,0,114,50,39,119,39,22,101,45,1,98,40,1,100,36,1
,117,72,39,104,42,0,91,43,7,98,46,2,109,49,0,115,50,99,120,39,43,101,45,4,98,40,0,100,36,0
,118,73,133,104,42,2,92,43,20,98,46,1,109,49,7,116,51,176,121,39,52,101,45,2,98,40,0,100,36,0
,119,74,221,104,42,0,93,43,24,99,46,17,110,49,18,117,52,176,122,40,110,101,45,0,98,40,0,100,36,0
,120,75,206,104,42,0,94,43,63,99,46,6,111,49,17,118,53,138,123,41,152,101,45,0,98,40,0,100,36,1
,121,76,168,104,42,0,95,44,151,99,46,1,111,49,3,119,53,77,124,42,126,101,45,0,98,40,0,100,36,0
,122,77,115,104,42,1,96,45,178,99,46,2,111,49,0,120,53,45,125,42,83,101,45,0,98,40,0,101,36,67
,123,77,55,104,42,0,97,46,132,99,46,1,111,49,0,121,53,19,126,42,34,101,45,0,98,40,1,102,37,119
,123,77,12,104,42,0,98,46,86,99,46,0,111,49,0,121,53,4,126,42,6,101,45,3,98,40,0,103,38,172
,123,77,0,104,42,0,99,46,39,100,46,43,111,49,3,121,53,0,126,42,5,101,45,2,98,40,6,104,39,194
,123,77,0,104,42,2,99,46,2,101,47,102,112,49,57,121,53,0,126,42,0,101,45,0,98,40,6,105,40,143
,123,77,0,104,42,0,99,46,4,102,48,195,113,49,92,121,53,1,126,42,0,101,45,0,98,40,0,106,40,83
,123,77,0,104,42,0,99,46,0,103,49,195,114,50,151,121,53,0,126,42,0,101,45,1,98,40,1,107,40,55
,123,77,0,104,42,0,99,46,2,104,50,150,115,51,189,121,53,0,126,42,2,101,45,1,99,40,18,108,40,31
,123,77,0,104,42,0,99,46,2,105,51,119,116,52,139,121,53,0,126,42,0,101,45,1,100,40,82,108,40,9
,123,77,1,104,42,0,99,46,0,106,51,61,117,52,81,121,53,0,126,42,0,101,45,0,101,41,188,108,40,2
,123,77,6,104,42,0,99,46,0,106,51,10,118,52,40,121,53,0,126,42,0,101,45,0,102,42,203,108,40,0
,123,77,3,104,42,2,99,46,0,106,51,1,119,52,19,121,53,0,126,42,0,101,45,1,103,43,150,108,40,0
,123,77,1,104,42,0,99,46,0,106,51,0,120,52,18,121,53,2,126,42,0,101,45,0,104,43,96,108,40,0
,123,77,0,104,42,0,99,46,0,106,51,0,121,52,24,121,53,4,126,42,0,101,45,0,105,43,38,108,40,0
,123,77,1,104,42,1,99,46,0,106,51,0,121,52,8,121,53,2,126,42,0,101,45,0,105,43,12,108,40,3
,123,77,0,104,42,6,99,46,0,106,51,0,121,52,5,121,53,0,126,42,2,101,45,0,105,43,4,109,40,39
,123,77,1,104,42,1,99,46,0,106,51,0,121,52,1,121,53,2,126,42,1,102,45,64,105,43,1,110,40,92
,123,77,0,104,42,0,99,46,0,106,51,2,121,52,0,121,53,2,126,42,0,103,46,132,105,43,0,111,41,153
,123,77,0,104,42,0,99,46,0,106,51,3,121,52,0,121,53,0,126,42,0,104,47,210,105,43,0,112,42,163
,123,77,0,104,42,1,99,46,2,106,51,8,121,52,0,121,53,1,126,42,4,105,48,202,105,43,7,113,43,142
,123,77,0,104,42,0,99,46,0,107,51,17,121,52,4,121,53,2,127,42,38,106,49,155,106,43,37,114,44,110
,123,77,1,104,42,0,99,46,0,108,51,22,121,52,0,121,53,1,128,42,67,107,50,113,107,43,100,115,44,59
,123,77,1,104,42,1,99,46,0,109,52,101,121,52,0,121,53,0,129,43,114,108,50,59,108,44,115,116,44,26
,123,77,0,104,42,0,99,46,2,110,53,147,121,52,0,121,53,0,130,44,167,109,50,17,109,45,111,116,44,7
,123,77,0,104,42,0,99,46,0,111,54,157,121,52,0,121,53,1,131,45,136,109,50,4,110,45,85,116,44,0
,123,77,1,104,42,0,99,46,0,112,55,119,121,52,0,121,53,0,132,45,99,109,50,0,111,45,69,116,44,0
,123,77,1,104,42,0,99,46,0,113,55,86,121,52,0,121,53,0,133,45,56,109,50,0,112,45,48,116,44,0
,123,77,0,104,42,0,99,46,1,114,55,48,121,52,0,121,53,1,134,45,16,109,50,0,113,45,30,116,44,1
,123,77,2,104,42,0,99,46,0,115,55,16,122,52,60,121,53,0,134,45,1,109,50,6,113,45,2,116,44,7
,123,77,0,104,42,0,99,46,1,115,55,3,123,53,149,121,53,0,134,45,0,109,50,12,113,45,0,116,44,9
,123,77,6,104,42,1,99,46,1,115,55,0,124,54,194,121,53,0,134,45,0,109,50,12,113,45,0,117,44,20
,124,77,33,104,42,0,99,46,0,115,55,2,125,55,171,121,53,0,134,45,0,109,50,11,113,45,0,118,44,17
,125,77,76,104,42,0,99,46,1,115,55,0,126,55,98,121,53,0,134,45,0,109,50,6,113,45,0,118,44,8
,126,78,204,104,42,0,99,46,4,115,55,1,127,55,51,121,53,0,134,45,1,109,50,0,113,45,0,119,44,74
,127,79,210,104,42,0,100,46,36,115,55,0,127,55,13,121,53,0,134,45,1,109,50,0,113,45,7,120,45,121
,128,80,162,104,42,1,101,47,119,115,55,0,127,55,0,121,53,0,134,45,1,109,50,0,113,45,0,121,46,145
,129,81,110,104,42,1,102,48,225,115,55,0,127,55,0,121,53,2,134,45,0,109,50,1,113,45,1,122,47,144
,130,81,66,104,42,0,103,49,217,115,55,0,127,55,1,121,53,3,134,45,1,109,50,0,113,45,0,123,47,98
,131,81,29,104,42,0,104,50,172,115,55,0,127,55,0,121,53,0,134,45,1,109,50,0,113,45,0,124,47,60
,131,81,9,104,42,0,105,51,129,115,55,0,127,55,0,121,53,0,134,45,0,109,50,0,113,45,0,125,47,25
,131,81,2,104,42,0,106,51,65,116,55,31,127,55,1,121,53,2,134,45,0,109,50,1,113,45,0,125,47,5
,131,81,0,104,42,13,107,51,25,117,55,93,127,55,1,121,53,0,134,45,1,109,50,11,113,45,1,125,47,0
,131,81,1,104,42,12,107,51,11,118,56,166,127,55,0,121,53,0,134,45,0,110,50,74,113,45,1,125,47,1
,131,81,1,104,42,0,107,51,7,119,57,197,127,55,0,121,53,0,134,45,0,111,51,167,113,45,0,125,47,1
,132,81,17,104,42,11,107,51,6,120,58,148,127,55,1,121,53,1,134,45,0,112,52,218,113,45,0,125,47,1
,133,81,56,104,42,5,107,51,0,121,58,95,127,55,0,121,53,0,134,45,0,113,53,170,113,45,0,125,47,0
,134,81,99,104,42,1,107,51,1,122,58,51,127,55,3,121,53,3,134,45,0,114,54,124,113,45,2,125,47,2
,135,82,134,104,42,0,107,51,1,122,58,14,127,55,0,122,53,56,134,45,11,115,54,80,113,45,2,125,47,1
,136,83,134,104,42,0,108,51,33,122,58,0,127,55,0,123,54,150,135,45,17,116,54,22,113,45,0,125,47,0
,137,84,125,104,42,5,109,51,20,122,58,0,127,55,0,124,55,212,135,45,5,116,54,1,113,45,0,125,47,0
,138,84,88,105,42,31,109,51,11,122,58,0,127,55,1,125,56,206,135,45,0,116,54,2,113,45,0,125,47,0
,139,84,34,106,42,45,109,51,6,122,58,1,127,55,1,126,57,158,135,45,2,116,54,8,113,45,1,125,47,0
,139,84,11,107,42,73,110,51,93,122,58,0,127,55,0,127,58,116,135,45,10,116,54,1,113,45,1,125,47,8
,139,84,1,108,43,133,111,52,176,122,58,0,127,55,0,128,58,64,136,45,61,116,54,0,113,45,0,125,47,0
,139,84,0,109,44,140,112,53,186,122,58,0,127,55,0,128,58,4,137,46,118,116,54,0,113,45,0,125,47,0
,139,84,0,110,44,80,113,54,158,122,58,0,127,55,1,128,58,1,138,47,163,116,54,0,113,45,0,125,47,0
,139,84,0,111,44,37,114,55,111,122,58,1,127,55,0,128,58,2,139,48,145,116,54,0,113,45,0,125,47,1
,139,84,0,112,44,21,115,55,48,122,58,8,127,55,0,128,58,3,140,48,87,116,54,0,113,45,2,125,47,4
,139,84,0,113,44,25,116,55,33,123,58,23,127,55,0,128,58,8,141,48,43,116,54,0,113,45,0,125,47,0
,139,84,1,114,44,18,116,55,15,124,58,39,127,55,0,128,58,7,141,48,4,116,54,0,113,45,0,125,47,0
,139,84,1,114,44,11,116,55,3,124,58,15,127,55,11,128,58,8,141,48,0,116,54,0,113,45,0,125,47,0
,139,84,1,114,44,7,116,55,4,124,58,0,128,55,57,128,58,6,141,48,4,116,54,8,113,45,0,125,47,0
,139,84,0,114,44,7,116,55,4,124,58,0,129,56,141,128,58,1,141,48,5,117,54,67,113,45,0,125,47,0
,140,84,18,114,44,1,116,55,4,124,58,0,130,57,205,128,58,2,141,48,2,118,55,173,113,45,0,126,47,47
,141,85,107,114,44,0,116,55,8,124,58,1,131,58,177,128,58,0,141,48,1,119,56,219,113,45,0,127,47,95
,142,86,223,114,44,3,116,55,0,124,58,1,132,59,123,128,58,0,141,48,2,120,57,178,113,45,0,128,48,154
,143,87,230,114,44,1,116,55,0,124,58,2,133,59,62,128,58,0,142,48,25,121,58,114,113,45,0,129,49,174
,144,88,192,114,44,0,116,55,1,124,58,0,133,59,10,128,58,0,143,48,55,122,58,51,113,45,0,130,50,139
,145,89,148,114,44,2,116,55,0,124,58,0,133,59,1,128,58,0,144,48,89,123,58,19,113,45,0,131,50,88
,146,89,95,114,44,0,116,55,2,124,58,1,133,59,0,128,58,0,145,49,147,123,58,5,113,45,0,132,50,46
,147,89,35,114,44,0,116,55,0,124,58,0,133,59,0,128,58,0,146,50,145,123,58,1,113,45,0,132,50,11
,147,89,4,114,44,0,116,55,0,124,58,0,133,59,0,129,58,29,147,51,108,123,58,1,113,45,5,132,50,7
,147,89,0,114,44,0,116,55,0,124,58,0,133,59,0,130,58,67,148,51,78,123,58,0,113,45,15,132,50,4
,147,89,0,114,44,0,116,55,0,124,58,0,133,59,0,131,59,169,149,51,30,123,58,1,113,45,0,132,50,4
,147,89,1,114,44,0,116,55,0,124,58,0,133,59,0,132,60,218,149,51,15,123,58,3,113,45,0,132,50,9
,147,89,0,114,44,0,116,55,0,124,58,1,133,59,0,133,61,169,149,51,2,123,58,0,113,45,0,132,50,0
,147,89,5,114,44,0,116,55,2,124,58,0,133,59,0,134,62,122,149,51,0,123,58,1,113,45,0,132,50,0
,147,89,11,114,44,0,116,55,0,124,58,3,133,59,2,135,62,68,149,51,0,123,58,0,113,45,0,132,50,0
,147,89,0,114,44,0,117,55,29,124,58,3,133,59,1,136,62,17,149,51,2,123,58,0,113,45,1,132,50,0
,147,89,0,114,44,7,118,56,101,124,58,0,133,59,1,136,62,11,149,51,1,123,58,0,113,45,0,132,50,0
,147,89,1,115,44,60,119,57,218,124,58,0,133,59,0,136,62,12,149,51,0,123,58,0,113,45,0,132,50,0
,147,89,0,116,45,131,120,58,209,124,58,0,133,59,0,136,62,3,149,51,0,123,58,0,113,45,0,132,50,1
,147,89,2,117,46,206,121,59,162,124,58,0,133,59,0,136,62,0,149,51,0,123,58,0,113,45,0,132,50,0
,147,89,0,118,47,174,122,60,116,124,58,5,133,59,0,136,62,1,149,51,2,124,58,32,113,45,0,132,50,0
,147,89,8,119,48,122,123,60,64,124,58,2,133,59,0,136,62,6,149,51,0,125,59,124,113,45,0,132,50,1
,148,89,82,120,48,72,124,60,35,124,58,0,133,59,2,136,62,6,149,51,0,126,60,170,113,45,0,132,50,0
,149,90,187,120,48,12,125,60,27,124,58,0,133,59,1,136,62,0,149,51,0,127,61,194,113,45,2,132,50,1
,150,91,229,120,48,13,125,60,7,124,58,0,134,59,36,136,62,0,149,51,1,128,62,136,113,45,0,132,50,0
,151,92,187,121,48,18,125,60,2,124,58,1,135,59,58,136,62,1,150,51,40,129,62,91,113,45,1,132,50,0
,152,93,147,121,48,15,125,60,6,124,58,0,136,60,136,136,62,0,151,51,93,130,62,40,113,45,1,133,50,18
,153,93,93,121,48,1,125,60,9,124,58,1,137,61,193,136,62,1,152,52,166,130,62,11,113,45,0,134,50,80
,154,93,37,121,48,4,125,60,15,124,58,1,138,62,161,137,62,39,153,53,185,130,62,0,113,45,0,135,51,156
,154,93,9,121,48,1,126,60,17,124,58,0,139,63,109,138,62,95,154,54,129,130,62,2,113,45,0,136,52,209
,154,93,6,121,48,0,127,60,27,124,58,0,140,63,49,139,63,168,155,54,79,130,62,1,113,45,0,137,53,169
,154,93,7,121,48,0,128,60,37,124,58,0,140,63,15,140,64,185,156,54,31,130,62,0,113,45,0,138,54,107
,154,93,2,121,48,1,129,60,62,124,58,0,140,63,1,141,65,154,156,54,6,130,62,1,113,45,1,139,54,60
,154,93,0,121,48,0,130,60,63,124,58,1,140,63,1,142,66,103,156,54,1,130,62,0,113,45,0,140,54,21
,154,93,1,121,48,0,131,60,65,124,58,0,140,63,1,143,66,59,156,54,1,130,62,0,113,45,0,140,54,6
,154,93,3,121,48,1,132,60,72,124,58,2,140,63,0,144,66,26,156,54,0,130,62,0,113,45,0,140,54,0
,154,93,7,121,48,1,133,60,94,125,58,22,140,63,2,144,66,11,156,54,0,130,62,0,113,45,1,140,54,1
,154,93,4,121,48,4,134,60,73,125,58,5,140,63,7,144,66,0,156,54,0,130,62,0,113,45,0,140,54,0
,154,93,0,121,48,5,135,60,45,125,58,0,140,63,8,144,66,2,156,54,1,130,62,0,113,45,0,140,54,0
,154,93,0,122,48,18,135,60,10,125,58,0,141,63,25,144,66,0,156,54,2,130,62,0,113,45,0,140,54,0
,154,93,0,123,48,32,135,60,0,125,58,0,142,63,30,144,66,0,156,54,0,130,62,1,113,45,0,140,54,1
,154,93,2,124,49,133,135,60,0,125,58,0,143,63,34,144,66,0,156,54,1,130,62,1,113,45,0,140,54,0
,154,93,1,125,50,187,135,60,0,125,58,0,144,63,17,144,66,1,156,54,2,130,62,0,113,45,0,140,54,0
,154,93,1,126,51,166,135,60,1,125,58,0,144,63,1,144,66,0,156,54,1,130,62,0,113,45,1,140,54,0
,154,93,0,127,52,121,135,60,13,125,58,0,144,63,1,144,66,0,156,54,1,130,62,0,113,45,2,140,54,0
,154,93,1,128,52,60,136,60,31,125,58,2,144,63,0,144,66,0,156,54,0,130,62,0,113,45,11,140,54,1
,154,93,1,129,52,28,137,60,67,125,58,0,144,63,1,144,66,0,156,54,1,130,62,0,114,45,30,140,54,0
,154,93,1,129,52,8,138,60,51,125,58,0,144,63,0,144,66,0,156,54,0,130,62,4,115,45,51,140,54,0
,154,93,2,129,52,9,139,60,24,125,58,0,144,63,0,144,66,4,156,54,1,131,62,24,116,46,115,140,54,0
,154,93,1,129,52,1,139,60,8,125,58,1,144,63,0,145,66,16,156,54,1,132,63,107,117,47,156,140,54,0
,154,93,1,129,52,0,139,60,0,125,58,1,145,63,20,146,67,122,156,54,1,133,64,197,118,48,143,140,54,2
,154,93,1,129,52,0,139,60,1,125,58,6,146,63,51,147,68,195,156,54,0,134,65,204,119,48,97,140,54,0
,154,93,0,129,52,0,139,60,0,126,58,32,147,64,112,148,69,219,156,54,0,135,66,153,120,48,54,140,54,0
,154,93,0,129,52,11,139,60,2,127,58,57,148,65,180,149,70,176,156,54,0,136,66,90,121,48,22,140,54,0
,154,93,2,129,52,10,139,60,0,128,59,128,149,66,173,150,71,128,156,54,0,137,66,42,121,48,9,140,54,0
,154,93,0,129,52,0,139,60,0,129,60,178,150,67,124,151,71,60,156,54,0,137,66,9,121,48,0,140,54,0
,154,93,0,129,52,0,139,60,0,130,61,146,151,67,75,152,71,23,156,54,0,137,66,1,121,48,0,140,54,0
,154,93,3,129,52,0,139,60,0,131,62,101,152,67,26,152,71,4,156,54,0,137,66,0,121,48,0,140,54,1
,154,93,0,129,52,0,139,60,1,132,62,57,152,67,2,152,71,0,156,54,2,137,66,0,121,48,1,140,54,0
,154,93,0,129,52,0,140,60,18,133,62,32,152,67,0,152,71,0,157,54,44,137,66,0,121,48,0,140,54,1
,154,93,2,129,52,0,141,60,95,133,62,15,152,67,0,152,71,0,158,54,65,137,66,0,121,48,0,140,54,0
,154,93,2,129,52,1,142,61,154,133,62,0,152,67,1,152,71,0,159,55,126,137,66,0,121,48,8,140,54,1
,154,93,0,129,52,0,143,62,207,133,62,0,152,67,0,152,71,0,160,56,169,137,66,1,121,48,1,140,54,0
,154,93,3,129,52,6,144,63,162,133,62,0,152,67,1,152,71,0,161,57,152,137,66,1,121,48,1,140,54,1
,155,93,34,130,52,27,145,64,108,133,62,0,152,67,0,152,71,0,162,57,98,137,66,1,121,48,0,140,54,4
,156,93,66,131,52,22,146,64,49,133,62,0,152,67,0,152,71,0,163,57,39,137,66,0,121,48,1,141,54,69
,157,94,135,132,52,68,146,64,4,133,62,3,152,67,0,152,71,0,164,57,29,137,66,0,121,48,0,142,55,110
,158,95,187,133,53,161,146,64,2,134,62,17,152,67,0,152,71,1,164,57,14,137,66,0,121,48,0,143,56,146
,159,96,155,134,54,154,146,64,0,135,62,32,152,67,0,152,71,1,164,57,1,137,66,0,121,48,0,144,57,175
,160,97,102,135,55,123,146,64,1,136,62,23,152,67,1,152,71,5,164,57,0,137,66,0,121,48,0,145,58,129
,161,97,65,136,55,72,146,64,0,137,62,19,152,67,4,152,71,1,164,57,0,137,66,0,121,48,1,146,58,80
,162,97,20,136,55,14,146,64,8,138,62,66,153,67,84,152,71,0,164,57,1,137,66,0,121,48,0,147,58,30
,162,97,1,136,55,1,147,64,24,139,63,130,154,68,173,152,71,1,164,57,0,137,66,0,121,48,1,147,58,7
,162,97,1,136,55,1,148,64,34,140,64,150,155,69,205,152,71,0,164,57,0,137,66,0,121,48,0,147,58,7
,162,97,2,136,55,7,148,64,14,141,65,129,156,70,168,153,71,19,164,57,2,137,66,9,121,48,0,147,58,3
,162,97,2,136,55,9,148,64,13,142,65,74,157,71,114,154,71,62,164,57,1,137,66,7,121,48,0,147,58,2
,162,97,0,136,55,5,149,64,16,143,65,37,158,71,60,155,71,96,164,57,1,137,66,0,121,48,1,147,58,1
,162,97,1,136,55,0,150,64,28,144,65,28,159,71,26,156,72,186,164,57,0,137,66,2,121,48,0,147,58,1
,162,97,1,136,55,0,151,65,108,145,65,25,159,71,8,157,73,151,164,57,0,137,66,0,121,48,0,147,58,8
,162,97,0,136,55,0,152,66,121,145,65,6,159,71,0,158,74,108,164,57,0,137,66,0,121,48,1,148,58,17
,162,97,5,136,55,3,153,67,119,145,65,7,159,71,0,159,74,77,164,57,0,137,66,0,121,48,0,149,58,26
,163,97,33,136,55,0,154,67,79,145,65,3,159,71,1,160,74,42,164,57,8,137,66,1,121,48,8,150,58,51
,164,98,124,136,55,0,155,67,85,145,65,4,159,71,0,161,74,18,165,57,75,137,66,1,121,48,7,151,58,89
,165,99,241,136,55,0,156,67,57,145,65,0,159,71,2,161,74,3,166,58,177,137,66,0,121,48,3,152,59,128
,166,100,215,136,55,1,157,67,21,145,65,0,159,71,1,161,74,0,167,59,208,137,66,0,121,48,0,153,60,104
,167,101,161,136,55,0,157,67,9,145,65,0,159,71,1,161,74,1,168,60,170,137,66,0,121,48,5,154,60,76
,168,102,109,136,55,2,157,67,1,145,65,4,159,71,4,161,74,12,169,61,108,138,66,37,121,48,0,155,60,47
,169,102,81,136,55,1,157,67,0,146,65,40,159,71,11,162,74,18,170,61,62,139,66,53,121,48,1,156,60,34
,170,102,25,136,55,0,157,67,1,147,65,86,160,71,47,162,74,4,171,61,18,140,67,113,121,48,0,157,60,18
,170,102,2,136,55,1,157,67,0,148,66,138,161,71,67,162,74,0,171,61,2,141,68,195,121,48,0,157,60,4
,170,102,8,136,55,0,157,67,0,149,67,163,162,72,119,162,74,0,171,61,0,142,69,168,121,48,0,157,60,4
,170,102,6,136,55,0,157,67,1,150,68,134,163,73,166,162,74,1,171,61,0,143,70,114,121,48,1,157,60,6
,170,102,0,136,55,0,157,67,3,151,68,90,164,74,120,162,74,1,171,61,0,144,70,62,121,48,0,157,60,1
,170,102,0,136,55,0,158,67,16,152,68,35,165,74,78,162,74,0,171,61,1,145,70,17,121,48,0,157,60,0
,170,102,0,136,55,0,159,67,28,152,68,9,166,74,40,162,74,0,171,61,0,145,70,8,121,48,0,157,60,1
,170,102,0,136,55,0,159,67,7,152,68,0,167,74,27,162,74,1,171,61,0,145,70,3,121,48,1,157,60,0
,170,102,1,136,55,1,160,67,23,152,68,1,168,74,18,162,74,2,171,61,0,145,70,5,121,48,0,157,60,0
,170,102,10,136,55,0,161,67,100,152,68,0,168,74,2,162,74,2,171,61,0,146,70,23,121,48,0,158,60,17
,170,102,1,136,55,0,162,68,162,152,68,0,168,74,1,162,74,12,171,61,0,147,70,33,121,48,0,159,60,50
,170,102,0,136,55,0,163,69,167,152,68,0,169,74,26,163,74,32,171,61,0,148,70,27,121,48,0,160,60,92
,170,102,4,136,55,0,164,70,134,152,68,0,170,74,22,164,75,126,171,61,0,149,70,25,121,48,1,161,61,166
,170,102,1,136,55,0,165,70,73,152,68,1,170,74,8,165,76,195,171,61,0,149,70,1,121,48,0,162,62,177
,170,102,1,136,55,0,166,70,30,152,68,1,170,74,1,166,77,190,171,61,1,149,70,0,121,48,0,163,63,127
,170,102,0,136,55,0,166,70,3,152,68,1,170,74,1,167,78,147,171,61,0,149,70,1,121,48,0,164,63,61
,170,102,2,136,55,0,166,70,1,152,68,0,170,74,0,168,79,104,171,61,0,149,70,0,121,48,1,165,63,16
